{"initial_reset_timestamp": 1573775709.521893, "timestamps": [1573775709.739661], "episode_lengths": [12], "episode_rewards": [1.1340000000000001], "episode_types": ["t"]}